{
    "data": [
        {
            "title": "关于退换货",
            "type": 1,
            "ques": [
                {
                    "title": "关于退换货",
                    "ans": [
                        "1、四季严选将依据《中华人们共和国产品质量法》、《中华人民共和国消费者权益保护法》等法律法规，承诺对已小时的存在问题的商品办理售后服务",
                        "2、生鲜商品（果蔬、水产、肉蛋乳等），如在签收后24小时内，发现了在验货时无法发现的质量问题，可联系客服并提供相关证明，我们会为您提供售后服务。非质量问题，请至线下门店退换货。",
                        "3、非生鲜商品，如在签收后7日内（退货时剩余保质期不可低于签收时剩余保质期的一半），发现了在验货时无法发现的质量问题可联系客服并提供相应证明，我们会为您提供售后服务。非质量问题，请至线下门店退换货。",
                        "4、提供退换货服务，需要符合以下条件：",
                        "4.1 商品及商品本身的外包装保持出售时的原样。",
                        "4.2 确保商品及赠品、发票、发货清单等齐全。",
                        "4.3 如果成套商品中有部分商品存在质量问题，在办理退换货时，必须提供成套商品。",
                        "4.4 如果商品售卖是有赠品，办理退货时，必须同时将赠品退回。",
                        "5、若属于下列情形，本公司不承担退换货责任：",
                        "5.1 生鲜类商品（水果蔬菜、肉蛋禽奶、海鲜水产）由于受季节、气候环境因素影响，不同批次略有差异属于正常现象，不予退货。",
                        "5.2 由于生鲜产品（水果蔬菜、肉蛋禽奶、海鲜水产）的特殊性，以及拍摄灯光和不同显示器色差等问题可能造成商品图片与实物有一定色差，图片信息仅供参照，商品将以实物为准；。",
                        "5.3 如因客户个人原因戒保管不当造成质量问题的商品，不予退换。",
                        "5.4 所有赠品不予退换。",
                        "5.5 误用戒不正确的储存、烹饪、使用等方法所造成的质量问题，戒撕毁、涂改标贴、防伪标记的商品，不予退换货。",
                        "5.6 食品类商品，以外观、个人口感等主观因素为由提出的退换货要求，不予受理。",
                        "5.7 未经我公司同意，直接将商品寄回我公司，我公司不承担保管、重新发货、退款责任，必要时我公司有权处置滞留商品。"
                    ]
                },
                {
                    "title": "关于收货",
                    "ans": [
                        "1、如果您的订单交由他人代收，代收人享有与您等同的权利，四季严选将视为您本人签收",
                        "2、发生下列情形之一的，四季严选公司不承担延迟送达的违约责任：",
                        "2.1 发生不可抗力戒情势变更事件的；",
                        "2.2 因您提供的信息有误、过时、缺失，戒根据您提供的信息无法判断收货人戒收货地址的；",
                        "2.3 因网络故障、系统故障、系统检修、维护戒升级导致延迟送达的；",
                        "2.4 因路途遥远戒交通不便造成延迟送达的；",
                        "2.5 为满足您的配送要求及特殊需要而延迟送达的。"

                    ]
                }
            ]
        },
        {
            "title": "关于退款",
            "type": 1,
            "ques": [
                {
                    "title": "关于退款",
                    "ans": [
                        "1、代金券不可折现，不找零，若您在使用后发生退货，所使用代金券不予退还，只退还实际支付金额。",
                        "2、使用积分、优惠券支付的订单产生退货时，退款金额按照现金与各优惠方式所占的比例分别按原支付形式退回。"

                    ]
                },
                {
                    "title": "关于客服",
                    "ans": [
                        "1、 微信客服：微信搜索“sijiyanxuan”，添加四季严选微信号公众号联系客服",
                        "2、 400 热线：400-632-1826",
                        "3、工作时间：周一至周日 9:00-21:00"
                    ]
                }
            ]
        }


    ]
}