{
    "data": [
        {
            "title": "支付问题",
            "type": 1,
            "ques": [
                {
                  "ans":[
                       "四季严选是否可以通过电话或者电脑端下单？"
                        ],
                  "ques":[
                         "目前四季严选支持线上APP端下单和线下门店下单"
                          ]
                },
                {
                    "ans":[
                        "四季严选支付付款方式有哪些？"
                    ],
                    "ques":[
                        "目前我们支持微信支付和支付宝支付，暂不支持网银及活到付款，请您谅解。"
                    ]
                },
                {
                    "ans":[
                        "支付宝查询退款方式？"
                    ],
                    "ques":[
                        "退款成功后，支付宝交易记录里面会有消息通知的，请注意查看。，暂不支持网银及活到付款，请您谅解。"
                    ]
                }
            ]
        },
        {
            "title": "配送问题",
            "type": 2,
            "ques": [

                {
                    "ans":[
                        "配送如何收费？"
                    ],
                    "ques":[
                        "全场满59元即可免费配送，未满足条件的需支付配送费10元"
                    ]
                },
                {
                    "ans":[
                        "配送范围是哪些？"
                    ],
                    "ques":[
                        "目前四季严选的配送范围以四季严选门店为中心，3公里以内地区，其他城市暂不支持送货。"
                    ]
                },
                {
                    "ans":[
                        "发货以及配送要多久？"
                    ],
                    "ques":[
                        "以四季严选门店为中心，3公里以内地区，半小时送达；订单配送时间9:00-21:00。"
                    ]
                },
                {
                    "ans":[
                        "我可以自己选择快递么？"
                    ],
                    "ques":[
                        "我们会根据您订单中的商品类型和您的收货地址为您选择最快的物流公司送出，很抱歉暂不支持自选物流服务。如果收货地区无法送达，我们会尽力为您转运其他快递。"
                    ]
                },
                {
                    "ans":[
                        "如何制定送达日期？"
                    ],
                    "ques":[
                        "当您提交订单时，可以选择您希望的配送日期，我们会按照您指定的日期为您配送。"
                    ]
                },
                {
                    "ans":[
                        "收货时需要先验货再签收吗？"
                    ],
                    "ques":[
                        "当您收到司机严选标识的货物包装后，请当场开箱验货，在与随货清单核对确认无误后，在签收。"
                    ]
                }

            ]
        },
        {
            "title": "售后问题",
            "type": 3,
            "ques": [

                {
                    "ans":[
                        "收到商品有质量问题，如何申请售后服务？？"
                    ],
                    "ques":[
                        "您可在收到货24小时内提交售后申请，点击\"APP\"—\"我的\"—\"订单\"—选择需要申请售后的订单—\"申请售后\"—提交商品质量问题的图片及相应的文字说明，同时请您保管好商品并保持电话通畅，我们会在24小时内与您联系"
                    ]
                },
                {
                    "ans":[
                        "贩买的商品少送/漏送/发错货，怎么办？"
                    ],
                    "ques":[
                        "您可以拨打 400 客服热线说明您的情况，由客服为您处理。"
                    ]
                },
                {
                    "ans":[
                        "申请退货后多久能退款？"
                    ],
                    "ques":[
                        "成功申请退款的款项将原路退回至您的支付账户，请您耐心关注 1-3 个工作日即可。"
                    ]
                },
                {
                    "ans":[
                        "400 客服热线晚上可以联系吗？"
                    ],
                    "ques":[
                        "四季严选 400 客服热线工作时间为：9:00-21:00。"
                    ]
                }

            ]
        },
        {
            "title": "常见问题",
            "type": 4,
            "ques": [
                {
                    "ans":[
                        "能否开具发票？"
                    ],
                    "ques":[
                        "订单可以开具发票。您可以在提交订单时，勾选发票选项，填写好发票信息（发票抬头可选个人和企业，选择企业之后即可填写抬头及税号，税号是必填项）"
                    ]
                },
                {
                    "ans":[
                        "完成的订单是否补开发票？有时间限制么？"
                    ],
                    "ques":[
                        "支持补开电子发票。订单完成后30天内都可以补开电子发票，具体请联系400客服热线进行操作。"
                    ]
                },
                {
                    "ans":[
                        "发票可以开什么内容？"
                    ],
                    "ques":[
                        "电子发票只能根据您贩物订单开具订单的明细项，无法开具如：福利费、礼品、日用品、食品等大类内容。"
                    ]
                },
                {
                    "ans":[
                        "怎么绑定活修改已绑定的手机号？"
                    ],
                    "ques":[
                        "APP首页点击\"+\"进入\"我的\",点击最下方的设置按钮，进入个人信息-绑定手机号/更换手机号"
                    ]
                }
            ]
        }

    ]
}